mn,pinion,g2,width,SH
20,14,70,300,1.839684074
15,13,52,225,1.268517933
5,14,70,65,0.293477735
1,15,120,20,0.037446204
15,12,96,150,1.154952536
1,14,56,15,0.026771737
20,13,91,200,1.603325646
15,12,60,180,1.163143557
15,13,91,180,1.244598887
15,11,66,180,1.103436086
20,14,70,260,1.761360476
5,15,120,85,0.385059671
20,11,55,200,1.36327797
20,13,52,120,1.297924834
10,14,98,170,0.941521332
1,15,120,13,0.030187992
5,12,48,100,0.299258679
20,11,88,200,1.426095062
5,12,60,30,0.17059484
20,15,105,220,1.845110267
10,15,105,120,0.866859082
10,14,70,110,0.744120156
15,15,60,180,1.305789438
15,13,91,225,1.314805742
20,11,55,400,1.687190037
1,13,91,15,0.027445557
10,11,44,110,0.569824754
1,14,98,11,0.025337833
1,15,75,11,0.025639067
5,14,56,65,0.282316172
1,15,60,6,0.018150989
20,13,65,240,1.66167272
1,11,77,6,0.014657312
10,12,96,170,0.830358052
1,13,52,12,0.022219325
20,14,112,260,1.832622982
10,12,48,110,0.619753438
5,11,55,85,0.263155275
5,12,60,65,0.251171646
10,14,56,200,0.930662147
20,11,88,120,1.230290187
20,12,72,300,1.684667416
10,11,88,170,0.765203539
5,11,88,55,0.227264155
20,14,112,220,1.777715656
1,13,52,20,0.028686803
10,12,96,120,0.714293076
15,11,88,90,0.847679529
5,12,96,30,0.183248793
15,14,56,225,1.320573073
15,11,77,90,0.833135621
1,11,77,17,0.02467371
15,12,48,180,1.12447006
1,11,88,12,0.02117212
15,15,60,150,1.259153039
10,13,91,120,0.757733045
15,12,84,300,1.346887973
1,12,60,15,0.023896181
1,12,72,15,0.02466752
5,11,55,65,0.230125523
20,12,84,220,1.55952316
5,14,84,50,0.26508242
15,11,88,150,1.066038197
5,14,112,60,0.303124603
1,12,60,10,0.019510455
15,13,65,225,1.298775243
10,14,56,170,0.867790656
5,13,65,65,0.272297153
10,14,98,110,0.781952169
5,15,120,75,0.363432217
10,12,48,130,0.669927207
10,14,112,110,0.794559293
5,11,66,30,0.160850486
5,12,60,55,0.231046411
5,14,112,65,0.315499791
10,13,91,100,0.696589578
15,15,75,180,1.304579355
20,12,96,340,1.78399268
5,15,105,50,0.291108473
5,11,66,75,0.254412094
20,11,66,300,1.581965431
10,11,44,170,0.693175147
5,14,56,50,0.247612334
15,15,120,180,1.366908227
1,15,75,13,0.02787314
10,14,70,60,0.562160452
15,13,52,90,0.902654837
20,14,98,300,1.885623719
15,11,55,165,1.036677329
15,14,98,150,1.253111477
10,14,84,150,0.879939704
20,13,78,400,1.921462486
15,13,65,255,1.320644081
20,15,105,200,1.787810938
20,15,120,400,2.144344768
5,13,65,60,0.261616145
20,12,84,400,1.844211998
1,12,84,20,0.029218859
15,13,104,165,1.234654136
1,11,66,11,0.019347618
15,14,112,180,1.292324604
15,13,52,300,1.343527648
5,12,84,75,0.284281254
15,14,56,195,1.279200517
1,14,84,20,0.033298007
1,13,78,10,0.021835462
15,12,60,150,1.087828683
1,15,90,11,0.026483997
15,13,65,165,1.204770042
20,11,77,400,1.747374637
15,13,78,195,1.248839022
10,14,112,120,0.826533289
1,11,44,11,0.017990847
1,13,104,12,0.025073343
15,11,77,225,1.192927494
1,13,52,6,0.015710706
5,15,105,60,0.318887694
1,15,60,11,0.024577709
1,15,120,6,0.020507274
1,12,48,10,0.018714791
20,11,66,260,1.506711436
10,15,75,120,0.827026345
1,14,56,10,0.021858096
20,15,75,120,1.456962037
1,12,60,20,0.027593917
15,12,72,225,1.233626243
1,12,96,20,0.029848178
1,13,104,10,0.022888348
20,11,55,240,1.461172744
10,12,48,150,0.71558728
20,13,52,400,1.836950362
10,15,75,200,1.022992788
20,11,77,300,1.607808035
1,12,48,6,0.014496012
15,12,60,165,1.121677038
15,12,96,90,0.921343324
1,12,72,6,0.01560009
5,11,66,50,0.207730309
1,15,60,17,0.030555822
5,11,66,100,0.293338013
10,15,75,110,0.795045998
15,14,98,180,1.298609915
20,12,96,200,1.527718188
15,15,105,150,1.305941031
10,15,75,170,0.955505454
10,14,70,170,0.896700878
15,15,60,165,1.279360707
20,11,44,240,1.429217596
1,15,90,10,0.025251254
15,13,104,150,1.213670195
10,12,96,110,0.686073488
20,11,55,220,1.414139856
10,12,84,130,0.72786059
20,14,56,400,1.926050343
10,13,65,170,0.837243836
15,11,66,165,1.063465806
15,15,90,180,1.331410539
10,12,72,60,0.496157796
10,13,78,60,0.53713343
15,12,72,180,1.170181519
1,13,91,17,0.029218506
5,14,98,65,0.30941594
1,11,77,12,0.020729384
15,14,84,195,1.301567599
10,15,105,110,0.83358861
15,15,105,300,1.590929941
5,15,60,50,0.265497413
20,14,98,260,1.807948032
1,13,78,13,0.024896861
1,13,78,11,0.022901411
5,12,48,85,0.276419631
5,12,84,30,0.179750374
10,12,96,100,0.656253612
20,11,44,220,1.383076424
1,15,120,17,0.034522664
20,13,78,340,1.850762408
20,15,90,300,1.943552747
5,12,96,60,0.259221988
5,13,104,55,0.269167182
1,14,84,17,0.030698425
20,11,44,300,1.519190897
20,13,91,240,1.708277716
1,15,90,12,0.027661903
20,11,77,220,1.468855094
20,15,120,200,1.812850794
15,14,56,180,1.255235802
1,12,72,10,0.020140215
5,15,60,75,0.325152641
20,14,98,200,1.697083434
1,11,77,11,0.019846744
1,14,70,17,0.029724537
15,13,78,150,1.179455035
15,12,96,180,1.203033374
10,11,44,120,0.593654959
10,13,104,170,0.892169341
10,11,66,130,0.655121692
20,12,60,300,1.651045049
1,15,105,20,0.036652625
10,14,98,200,1.008717065
20,13,104,220,1.681321312
10,14,84,130,0.825301063
20,11,66,400,1.720251686
5,15,90,55,0.29819072
5,13,65,50,0.238824517
10,13,65,110,0.692911982
1,13,65,20,0.029916828
1,12,48,15,0.022921639
15,14,56,300,1.420616696
1,11,44,6,0.013286713
10,13,91,60,0.549197563
5,11,44,55,0.203791183
5,11,44,30,0.15045951
10,11,66,120,0.631171375
5,14,98,30,0.21019386
20,13,65,200,1.556838489
5,12,48,55,0.222357197
10,14,112,150,0.913100661
15,15,60,255,1.415755479
15,15,90,255,1.482013915
20,13,104,340,1.883434704
20,15,120,220,1.870778336
5,15,120,55,0.311325546
15,14,56,90,0.969146701
15,11,77,150,1.048025601
1,14,84,6,0.018235794
5,12,84,50,0.232120044
15,12,72,165,1.144406885
5,15,75,30,0.213829569
5,13,52,55,0.240994442
5,13,65,100,0.336354062
10,13,52,130,0.723203344
10,14,84,120,0.795914304
20,13,52,340,1.76748473
15,12,48,150,1.051070876
15,15,105,195,1.398162966
20,15,105,240,1.897314618
1,14,70,13,0.025992442
5,14,84,55,0.278018784
1,13,91,10,0.022408286
10,11,44,60,0.427371595
10,14,56,150,0.828078718
1,12,84,11,0.02166785
15,11,77,195,1.151889101
15,14,70,300,1.453199306
10,11,88,200,0.822241242
20,15,60,120,1.414861401
20,14,112,200,1.720953842
10,15,90,60,0.619000566
20,15,120,240,1.923540739
5,11,77,55,0.222949942
20,14,112,120,1.44146808
1,15,75,12,0.02677939
20,12,60,200,1.461594585
1,11,44,15,0.0210093
5,14,70,55,0.269964105
15,15,60,90,1.035194494
10,15,90,130,0.881286031
5,12,48,75,0.259653109
20,13,52,200,1.513768625
10,11,55,150,0.682666302
10,15,75,60,0.601880466
15,14,84,255,1.406390451
20,15,75,240,1.848450933
15,15,75,165,1.279768114
20,15,90,220,1.81464372
15,15,75,150,1.260948918
5,12,60,50,0.22029511
1,14,70,6,0.017657304
10,13,65,200,0.898167514
15,14,84,90,1.027395255
15,12,60,300,1.30920951
1,11,66,15,0.022593733
10,14,56,110,0.718954958
20,12,48,220,1.481309634
1,15,120,12,0.029003396
5,12,48,50,0.212010118
15,12,48,195,1.162287358
5,15,105,55,0.305314432
15,12,84,150,1.135707752
20,13,91,220,1.658087748
15,11,55,300,1.253011689
20,14,70,120,1.384901666
5,14,112,50,0.276717671
10,15,60,100,0.733718273
5,15,90,50,0.284316204
10,11,88,100,0.602906858
10,11,88,130,0.681541121
1,14,98,15,0.029589283
15,15,120,90,1.1326139
10,11,55,100,0.564670814
10,15,60,110,0.766445758
15,12,48,225,1.213746229
10,15,60,60,0.579921142
1,12,96,6,0.016346818
1,12,48,11,0.019628374
10,11,44,130,0.616338391
10,12,84,150,0.776989733
1,11,88,17,0.025200698
1,15,105,11,0.0271799
15,14,98,165,1.273044636
15,12,96,225,1.267390531
15,11,55,225,1.180102015
10,11,77,120,0.644985795
10,12,96,60,0.516586214
5,15,75,65,0.314734064
15,15,75,195,1.341347606
15,11,44,90,0.769185144
1,14,112,10,0.024678984
5,13,78,100,0.34629655
20,12,48,260,1.542640725
15,13,104,195,1.283991962
5,14,56,75,0.303252402
10,14,56,130,0.776187712
1,12,84,15,0.025303343
1,13,91,12,0.02454745
1,14,84,11,0.024692482
20,13,78,200,1.590187803
15,14,112,225,1.405178282
20,11,55,340,1.615354466
15,11,44,150,0.970062293
15,12,96,255,1.289934302
20,14,84,340,1.921526576
15,12,72,300,1.323078826
10,15,105,130,0.898355946
10,15,90,110,0.817358352
5,14,112,100,0.389083602
1,13,104,13,0.026097379
15,11,44,165,1.002318999
1,11,77,13,0.021575968
20,12,84,120,1.27974713
5,15,60,55,0.278453646
5,12,60,85,0.287086446
1,11,55,17,0.023307981
1,11,55,10,0.017875613
10,12,60,130,0.693083155
15,14,112,255,1.440881048
15,14,70,225,1.339171743
5,15,75,55,0.289518287
5,15,90,30,0.220234813
5,15,90,75,0.348199458
5,15,75,60,0.302389348
1,14,56,12,0.023944754
1,14,70,12,0.024972512
1,13,52,11,0.02127322
5,12,96,55,0.248187313
1,12,48,13,0.021338589
5,12,60,75,0.269799174
15,12,48,165,1.084205275
20,12,96,240,1.630830717
15,14,112,150,1.240735583
20,12,60,340,1.717176106
1,11,55,6,0.01384604
1,12,72,17,0.026260962
15,13,104,225,1.335057978
20,14,98,240,1.804523737
10,15,120,170,1.01806844
10,14,70,120,0.774310283
20,11,77,240,1.51727461
5,14,98,100,0.381600779
10,11,77,100,0.592143183
15,12,96,300,1.36709924
10,13,52,110,0.669457155
5,15,120,50,0.296840263
15,12,60,90,0.865531303
5,12,60,60,0.241319008
15,11,66,150,1.029920719
15,14,112,300,1.520060663
1,14,70,20,0.032241635
20,15,75,220,1.795997595
20,14,98,400,2.036437461
1,12,84,10,0.020659332
5,12,72,50,0.226781802
5,12,72,55,0.237849668
1,14,70,11,0.02390915
1,13,65,10,0.021152712
1,13,65,15,0.025907704
15,14,56,150,1.207395189
10,11,77,200,0.807864176
10,11,88,120,0.656670014
5,14,70,85,0.33467855
20,13,65,120,1.327287111
10,15,60,200,0.9871179
5,12,72,85,0.29553716
15,15,60,300,1.495215039
10,15,105,60,0.63211542
10,14,98,150,0.899375422
5,12,72,100,0.319815512
5,11,88,65,0.2470604
15,15,75,90,1.068703756
20,12,60,240,1.563222704
5,15,60,30,0.205657471
15,13,65,300,1.383411461
10,11,55,60,0.443208884
15,11,44,300,1.226563775
5,15,60,100,0.372894021
1,15,75,20,0.034574698
20,13,52,260,1.625621309
20,12,84,340,1.760438233
1,15,90,13,0.028791702
20,13,91,260,1.715497478
1,15,75,10,0.024445657
20,11,44,340,1.584358423
20,14,56,120,1.353901345
1,11,66,13,0.021033349
20,13,78,300,1.782939838
10,11,44,150,0.658745655
10,12,60,170,0.777167268
20,14,84,120,1.396023744
5,15,90,65,0.324161771
10,13,52,200,0.869685479
5,13,52,30,0.177956311
5,11,66,55,0.21786861
5,12,84,65,0.264653894
20,13,91,340,1.858609749
5,12,84,55,0.243448429
1,15,105,10,0.025914763
20,15,90,260,1.866194952
20,13,78,120,1.350329421
20,15,75,400,2.045278809
1,13,104,20,0.032371687
15,13,91,90,0.977506301
15,14,84,225,1.370163704
1,13,91,11,0.023502201
15,13,78,225,1.290876708
10,12,48,170,0.75195576
5,13,52,85,0.299351166
15,13,91,195,1.267762612
10,14,84,200,0.987222989
1,13,52,17,0.026447311
20,11,77,260,1.531677855
20,14,84,240,1.774862351
5,15,120,60,0.325165639
10,14,70,150,0.856198666
10,14,84,60,0.578086438
15,11,88,225,1.207489429
5,12,96,65,0.269805545
20,14,84,400,2.004852628
10,15,90,200,1.051016983
15,13,52,165,1.165819331
10,11,66,100,0.579414956
1,11,66,10,0.018447111
15,15,105,225,1.474064814
20,14,84,300,1.855570849
5,15,75,50,0.276047266
10,12,60,150,0.740001264
10,11,66,110,0.605990926
1,13,78,6,0.01691313
1,14,56,6,0.016930628
20,12,84,240,1.608374738
10,11,66,200,0.790881606
10,14,112,170,0.955487604
10,15,120,110,0.848945637
10,11,77,170,0.751753147
1,12,96,11,0.022134519
5,13,104,60,0.281134302
5,11,88,60,0.237368812
20,12,84,200,1.506389317
1,12,72,11,0.021123389
15,15,105,90,1.119829749
5,14,84,85,0.344648261
20,15,75,260,1.849185078
5,14,70,60,0.281966299
15,11,55,195,1.112529894
15,13,91,300,1.431092982
15,15,60,195,1.329479364
5,11,44,60,0.212852289
1,12,84,13,0.023555783
10,12,84,120,0.701509168
1,11,88,15,0.02367162
1,12,60,12,0.021372937
20,11,88,240,1.525676047
15,14,84,180,1.278878476
20,13,78,220,1.645711127
5,14,56,85,0.322238591
20,14,56,300,1.791500556
10,12,96,150,0.791076537
15,12,60,255,1.265929378
10,12,72,120,0.68640065
10,12,72,110,0.659235645
1,15,90,15,0.030927852
1,11,88,20,0.027334538
15,12,84,90,0.90550702
5,15,75,100,0.387650927
15,14,112,165,1.259386515
10,15,105,200,1.05517828
5,11,66,85,0.270840425
5,12,72,30,0.175617194
15,12,72,255,1.255472854
5,13,104,30,0.198757973
5,11,88,100,0.305976419
10,13,78,130,0.768936832
20,12,84,300,1.694828696
1,15,60,15,0.028701658
10,14,84,100,0.732121235
1,15,75,15,0.02994113
5,12,84,85,0.30249178
1,14,56,20,0.030914662
10,15,120,100,0.813042502
5,11,88,75,0.265383525
15,14,98,255,1.431938142
10,15,105,150,0.956771812
5,14,112,75,0.3388962
10,12,72,100,0.630536385
5,11,77,100,0.300173038
20,12,72,340,1.751661304
1,13,104,11,0.0240057
1,14,70,15,0.027920851
1,15,120,11,0.027768362
20,14,70,340,1.907172934
10,14,84,110,0.764925945
1,13,65,17,0.027581295
10,15,120,150,0.974265605
15,15,90,195,1.372636301
5,11,55,50,0.201835351
15,13,52,195,1.226558883
20,14,56,260,1.714519217
5,12,72,75,0.277743466
20,11,44,400,1.645461482
15,11,66,225,1.204201874
20,14,84,200,1.66878265
10,13,78,170,0.86016818
15,15,120,195,1.408361903
15,12,96,195,1.226607926
10,12,48,120,0.64547049
5,14,56,30,0.191784123
1,11,66,20,0.026089838
1,13,104,17,0.029844481
5,11,77,75,0.2603457
15,14,70,165,1.230021224
1,15,60,10,0.023433706
5,12,48,65,0.241725824
20,15,120,340,2.06898091
5,14,98,75,0.332361213
10,13,65,120,0.721264755
5,13,78,50,0.245901748
10,13,78,150,0.820373231
1,13,91,20,0.031692698
20,14,112,240,1.829566494
15,14,98,300,1.512389262
15,14,84,300,1.485729899
15,11,77,165,1.081716884
1,15,105,17,0.03379105
1,11,88,6,0.014970354
10,12,72,200,0.857162603
10,15,90,170,0.981852451
20,14,112,340,1.978324812
10,12,48,100,0.592606651
15,13,65,180,1.23192549
5,13,52,65,0.261985928
5,15,105,30,0.225496199
20,15,90,240,1.866199314
10,15,75,130,0.857328915
15,11,55,150,1.003703015
5,15,105,100,0.408723262
1,15,105,13,0.02954825
10,11,55,120,0.615340359
15,11,55,255,1.208689124
1,11,44,12,0.018790943
10,13,78,120,0.741312594
5,12,72,60,0.248424734
5,13,78,55,0.257902432
20,14,56,200,1.603570013
10,14,112,60,0.601341085
15,13,52,150,1.132060897
20,12,72,120,1.288496153
15,15,120,165,1.322338002
1,11,66,17,0.024053176
1,12,60,11,0.020462884
20,14,98,120,1.420704985
5,13,91,65,0.287001556
10,14,70,200,0.960987027
5,12,84,60,0.254272414
1,13,104,15,0.028033545
1,15,60,12,0.025670821
15,14,56,165,1.228578644
15,13,91,255,1.352573873
5,15,105,85,0.378002917
20,15,90,400,2.083682803
5,13,52,100,0.323936303
20,13,104,300,1.816552726
15,14,70,255,1.375186796
20,15,75,300,1.928221598
20,15,105,340,2.041811801
20,14,98,340,1.952280525
20,13,91,300,1.792339134
15,13,91,150,1.197895004
20,15,105,400,2.116531225
10,11,66,60,0.455154639
1,13,78,15,0.02674395
5,15,60,60,0.290832851
5,15,120,30,0.229937216
1,12,48,12,0.020501311
15,12,84,225,1.251767617
5,13,91,55,0.26400612
10,12,96,130,0.74110175
15,13,52,255,1.290534194
10,14,56,100,0.687901509
15,11,44,195,1.075997138
10,13,91,110,0.728018258
5,11,44,50,0.194307872
20,13,65,400,1.884457247
20,15,75,200,1.738582874
15,14,98,90,1.048951981
15,15,90,225,1.447383323
15,15,90,165,1.304480851
5,14,98,50,0.271381639
10,13,104,60,0.558717301
1,15,90,6,0.019558774
15,11,44,255,1.182479739
15,15,60,225,1.380791394
1,15,120,15,0.032427751
20,12,48,300,1.618751687
5,14,56,55,0.259696373
10,12,60,60,0.482615932
5,15,120,100,0.416273625
10,13,91,170,0.878956755
20,12,72,200,1.492955639
10,15,60,170,0.921765108
15,13,104,90,0.994505696
20,13,65,300,1.74737928
15,11,77,300,1.259868198
1,15,105,12,0.02838876
1,14,98,20,0.034168302
1,15,60,13,0.026719288
15,12,48,90,0.835742543
1,13,91,13,0.025550005
1,12,48,17,0.024402287
10,13,65,150,0.798318483
15,11,66,195,1.141024743
15,11,77,180,1.121992004
15,15,105,165,1.324868213
20,12,72,260,1.607645445
15,11,66,255,1.22955648
1,11,77,10,0.018923004
5,15,75,85,0.35848494
10,12,72,130,0.712212997
15,13,65,150,1.171543276
1,12,60,17,0.02543979
5,11,88,50,0.216688652
10,12,60,200,0.834562841
15,14,84,150,1.233672893
5,11,55,30,0.156286752
10,14,70,100,0.712166039
15,13,78,255,1.328394202
20,14,84,220,1.724203721
5,14,98,60,0.297279377
20,12,96,300,1.717775972
1,13,104,6,0.017728652
1,12,96,13,0.024063117
5,12,96,85,0.308378379
1,14,112,20,0.034904531
20,14,84,260,1.778758148
5,14,84,75,0.324646633
10,13,52,120,0.697017859
5,13,104,100,0.361387843
10,12,84,60,0.507226283
20,11,55,260,1.476174066
1,14,112,15,0.030226835
10,12,72,150,0.760345598
10,13,65,100,0.662932779
15,13,52,180,1.202356913
1,14,112,17,0.032179509
20,13,104,400,1.968292056
15,11,88,255,1.231070915
1,13,65,6,0.016384299
5,11,77,85,0.277157171
5,12,60,100,0.310683673
5,12,72,65,0.258567472
15,14,70,180,1.255119042
20,13,104,260,1.738965067
5,13,65,55,0.250479828
5,14,98,85,0.352826231
10,11,88,150,0.727971847
15,15,90,300,1.562967221
10,15,120,120,0.882798218
10,15,90,100,0.782571277
15,11,88,165,1.100134497
15,13,65,90,0.934760265
5,11,77,50,0.212575192
1,14,98,6,0.018712386
10,15,75,150,0.913602882
15,15,120,150,1.291840053
10,13,52,100,0.64033663
1,13,52,13,0.023126786
15,11,55,180,1.075761904
15,13,65,195,1.256396164
1,13,52,15,0.024842538
15,11,66,90,0.817521548
5,11,88,30,0.167785561
1,15,75,6,0.018934797
20,12,60,260,1.575081277
20,11,77,120,1.240141811
10,12,84,200,0.875665597
20,15,60,300,1.877740796
20,15,60,200,1.690633538
15,14,84,165,1.253534896
5,15,60,85,0.344815136
5,11,55,75,0.247192902
20,14,70,200,1.649130789
20,13,65,260,1.670063897
5,11,44,65,0.221542999
1,11,77,15,0.023176611
5,13,104,85,0.334058813
10,13,78,110,0.712211831
1,11,55,11,0.01874822
10,11,77,130,0.669434411
20,14,98,220,1.75322512
15,14,70,195,1.277599946
15,14,56,255,1.342856873
20,12,60,400,1.788353638
5,14,112,30,0.214326595
20,15,60,240,1.798299766
10,11,66,150,0.699847023
10,11,77,60,0.465246845
20,11,88,400,1.763339498
10,14,98,120,0.813595464
10,15,60,150,0.881029641
20,15,90,340,2.009664257
20,14,70,220,1.705265284
15,13,78,180,1.225861527
1,14,56,11,0.02292516
1,12,84,6,0.016002179
1,14,98,12,0.026464743
10,11,55,170,0.718118505
15,15,90,150,1.285613543
15,15,75,300,1.528776775
5,15,120,65,0.338439706
20,13,91,120,1.339886259
10,11,44,100,0.544693354
5,14,70,50,0.257402511
20,12,48,240,1.529922659
20,15,120,120,1.526971464
20,11,88,260,1.539533504
1,12,72,12,0.02206282
5,11,44,85,0.25334097
20,13,104,120,1.355660615
20,11,66,340,1.647787157
15,13,104,180,1.260657164
20,13,65,340,1.814332335
5,13,52,50,0.229780347
5,13,52,75,0.281415182
5,15,90,85,0.369200326
20,15,105,120,1.505073561
20,12,72,240,1.596232213
15,15,120,300,1.597956009
20,11,44,260,1.444973446
10,15,105,170,0.999929585
5,15,105,75,0.356517789
20,15,60,340,1.94444301
20,11,55,300,1.550385993
10,15,120,60,0.643901134
20,14,112,300,1.91105211
20,11,88,300,1.614371243
1,11,88,10,0.019327156
1,14,56,17,0.028501178
5,14,70,100,0.362001916
20,15,90,200,1.758076502
1,15,60,20,0.033143375
20,14,56,240,1.708964021
20,13,104,200,1.625951106
1,13,52,10,0.020283062
5,13,78,85,0.320090157
5,13,78,60,0.269368741
10,12,72,170,0.798346685
5,14,84,30,0.205315149
1,15,90,20,0.03571415
15,12,48,300,1.280523686
1,14,112,12,0.027034965
10,14,112,130,0.856831284
1,12,96,15,0.025848319
20,13,52,300,1.701604806
10,15,60,120,0.797343304
10,12,84,100,0.644467746
5,11,88,85,0.282520296
5,13,78,65,0.280366247
10,11,88,110,0.630516064
20,12,84,260,1.619155961
15,14,112,195,1.332433744
15,13,91,165,1.218794559
1,14,112,13,0.02813914
10,13,91,150,0.83844215
10,14,98,60,0.591111793
5,15,90,60,0.311447303
1,12,60,13,0.022245817
5,12,48,30,0.164179883
20,13,52,240,1.616469837
15,11,44,180,1.040274442
20,15,105,300,1.974995443
10,13,104,150,0.851387588
15,11,44,225,1.141692927
15,14,112,90,1.062817431
20,13,104,240,1.732054102
1,11,55,12,0.019582001
5,14,70,75,0.315241158
15,11,88,195,1.166188829
10,13,91,130,0.785936624
20,11,77,200,1.416447803
1,15,90,17,0.032925855
5,13,104,50,0.256642345
1,14,70,10,0.022796281
20,11,77,340,1.67435201
1,13,65,12,0.023172003
20,15,90,120,1.479007977
5,14,112,85,0.35975423
5,13,91,50,0.25172143
5,13,104,65,0.29261214
20,15,60,260,1.800053444
10,11,77,150,0.715082456
15,12,48,255,1.23751854
20,12,72,220,1.546708803
15,12,72,90,0.886716483
5,13,52,60,0.251709211
5,12,84,100,0.327331044
10,13,104,100,0.708046903
5,14,84,65,0.302233925
15,11,55,90,0.79635831
10,12,60,110,0.64145916
5,14,84,100,0.372768498
10,15,120,130,0.91484283
20,14,70,240,1.756696145
10,14,56,60,0.542377302
10,15,90,120,0.850186038
20,11,44,120,1.157549754
1,12,96,12,0.023118923
10,11,66,170,0.735860669
10,11,88,60,0.473777733
1,11,77,20,0.026762922
1,14,98,13,0.027545626
15,12,84,165,1.161863856
20,14,56,220,1.658552872
5,11,66,65,0.23684646
10,13,52,170,0.810151531
5,11,44,100,0.274596676
20,12,96,400,1.868495207
10,12,84,170,0.815681326
20,12,96,120,1.294678214
20,15,60,400,1.993778088
15,11,88,180,1.141019369
20,11,66,120,1.221531018
5,14,84,60,0.290379056
10,14,98,130,0.843599484
15,15,90,90,1.096902076
20,12,72,400,1.823441335
1,11,44,20,0.024260196
1,12,72,13,0.022963878
1,14,112,11,0.025883772
15,11,77,255,1.216495545
15,12,60,195,1.199406698
20,11,66,200,1.392558708
5,14,56,60,0.27124231
5,12,96,75,0.28981495
1,14,84,13,0.026844036
5,11,77,60,0.232862783
10,12,60,120,0.66792811
1,15,120,10,0.026475831
15,11,66,300,1.274124833
15,14,70,90,1.000862541
5,14,112,55,0.290221827
20,11,88,220,1.477902023
20,14,56,340,1.85791102
15,11,88,300,1.278662989
15,12,84,180,1.187851102
15,12,84,195,1.211257651
15,15,75,255,1.449173524
1,13,91,6,0.017356815
1,11,44,17,0.022366383
5,14,70,30,0.199367107
5,15,90,100,0.399219316
1,14,98,17,0.031500765
20,12,96,220,1.581446751
1,14,84,12,0.025790686
15,14,98,195,1.321979131
5,13,91,75,0.30828552
15,12,84,255,1.273593785
1,11,88,13,0.022036787
5,13,78,75,0.301158162
15,13,104,255,1.373060315
5,13,91,85,0.32765875
20,13,78,260,1.70455429
5,11,44,75,0.23797388
20,12,48,340,1.685212309
5,11,55,60,0.221098151
10,15,90,150,0.939026099
5,11,77,65,0.242370398
1,12,72,20,0.028484633
10,13,78,200,0.922602336
15,13,104,300,1.452519718
1,15,75,17,0.031875379
10,15,105,100,0.798306574
1,15,105,15,0.031740538
20,12,60,120,1.26676068
10,13,65,130,0.748183473
5,11,66,60,0.22755553
10,11,77,110,0.619278453
5,13,91,100,0.354473117
10,13,78,100,0.681436497
10,14,112,200,1.023091778
20,15,120,260,1.922565528
1,12,96,17,0.027518046
1,11,55,15,0.021893758
1,12,60,6,0.015112303
10,13,91,200,0.942634677
20,11,88,340,1.67959015
10,11,55,130,0.63880751
10,11,44,200,0.745562239
15,15,105,180,1.356285013
5,15,105,65,0.33190589
15,13,78,300,1.405823262
15,13,78,165,1.200275112
15,12,72,150,1.112531798
1,14,84,10,0.023543148
1,11,55,20,0.025281534
10,15,60,130,0.826627273
20,11,66,220,1.444265613
5,13,78,30,0.190440691
20,15,75,340,1.99600517
1,12,48,20,0.026468548
10,13,52,60,0.504044228
20,12,48,400,1.744225112
15,12,72,195,1.19340674
5,13,65,30,0.184960267
1,14,98,10,0.024158458
10,12,84,110,0.673773491
5,15,75,75,0.338072713
10,14,112,100,0.760684552
20,15,60,220,1.746879057
10,12,48,200,0.807996865
10,12,60,100,0.613499877
20,13,52,220,1.567270247
10,13,104,120,0.769883896
1,13,78,17,0.028471569
5,11,55,55,0.211686032
5,13,65,85,0.310886435
10,13,104,130,0.798381366
10,11,55,200,0.772217965
1,11,88,11,0.020270627
10,13,65,60,0.522395358
20,14,70,400,1.975935692
1,14,56,13,0.024922704
15,15,120,225,1.483321906
1,14,112,6,0.019115563
10,14,84,170,0.921341027
10,13,104,110,0.739841462
5,13,91,60,0.275743787
5,13,65,75,0.292490701
5,12,96,100,0.333692872
10,12,96,200,0.891335912
15,14,98,225,1.395505068
1,15,105,6,0.020072697
5,11,55,100,0.285228694
1,14,84,15,0.028835635
15,15,120,255,1.51732233
10,11,55,110,0.590681589
1,11,66,12,0.020208058
15,12,96,165,1.176850836
20,11,66,240,1.49205586
20,12,60,220,1.514477078
10,15,120,200,1.070645443
5,14,98,55,0.284625399
15,15,105,255,1.508850736
5,12,96,50,0.236638418
1,13,65,13,0.024118377
5,14,56,100,0.348618901
5,12,48,60,0.232243589
15,15,75,225,1.414696841
20,15,120,300,2.001548449
1,13,78,12,0.023919937
10,14,98,100,0.748449799
5,13,91,30,0.194947313
15,12,60,225,1.242290416
5,11,77,30,0.164601123
20,12,96,260,1.641364861
10,14,56,120,0.748317016
20,11,44,200,1.355209158
15,13,78,90,0.95732129
20,12,48,120,1.254610988
5,15,60,65,0.302705831
1,13,78,20,0.030882501
20,11,55,120,1.192013539
20,13,78,240,1.696708256
20,15,105,260,1.896768267
5,13,104,75,0.314312168
1,11,44,10,0.017153494
20,14,112,400,2.063217287
10,14,70,130,0.802944983
10,12,48,60,0.465714099
1,11,44,13,0.019558353
1,11,55,13,0.020381722
10,15,75,100,0.761162888
20,12,48,200,1.428669974
10,13,52,150,0.772023943
20,13,91,400,1.942735497
10,13,104,200,0.956287943
15,14,70,150,1.210215887
1,11,66,6,0.014288702
1,13,65,11,0.022185327
1,12,84,12,0.022631498
20,13,65,220,1.611469934
1,12,96,10,0.021104279
1,12,84,17,0.026937862
